Texto,texto_limpio,insulto,amenaza,rumores_difamatorios,comentarios_humillantes,lenguaje_discriminatorio,acoso_sexual,manipulacion_emocional,lenguaje_vulgar,acoso_general,redes_sociales,suicidio_autolesion
"La mayor√≠a de la gente que defiende al in√∫til de Noboa son pagados o pautados.

El resto no lo apoya, simplemente no quiere reemplazar el gobierno autoritario de Noboa por otro gobierno autoritario aliado de las 3 dictaduras del continente (üáªüá™üá®üá∫üá≥üáÆ). 

Ecuador elige c√°ncer o sida. https://t.co/OsJ7EtZsBq",mayor√≠a gente defiende in√∫til noboa pagados pautados resto apoya simplemente quiere reemplazar gobierno autoritario noboa gobierno autoritario aliado dictaduras continente ecuador elige c√°ncer sida httpstcoosjetzsbq,True,False,False,False,False,False,False,False,False,False,False
"RT @PatronaQuinn_: Usted no es feo, es pobre versi√≥n Ecuador. https://t.co/E9usQTJnhj",rt patronaquinn usted feo pobre versi√≥n ecuador httpstcoeusqtjnhj,True,False,False,False,False,False,False,False,False,False,False
"RT @PatronaQuinn_: Usted no es feo, es pobre versi√≥n Ecuador. https://t.co/E9usQTJnhj",rt patronaquinn usted feo pobre versi√≥n ecuador httpstcoeusqtjnhj,True,False,False,False,False,False,False,False,False,False,False
RT @SinSentidoCPE: Esto es la demostraci√≥n mas palpable del porqu√© no deben gobernar Ecuador la in√∫til y corrupta oligarqu√≠a guayaquile√±a (‚Ä¶,rt sinsentidocpe demostraci√≥n mas palpable porqu√© deben gobernar ecuador in√∫til corrupta oligarqu√≠a guayaquile√±a,True,False,False,False,False,False,False,False,False,False,False
"@ElPortalEcu Por 11 mil dolares mensuales, estos cerdos, ya hasta dicen que el tonto vivo de CART√ìN, es el monarca de la hacienda bananera ECUADOR, por que por la plata estos hijos de puta, antipatrias pueden vender el culo, de su misma madre.",elportalecu mil dolares mensuales cerdos dicen tonto vivo cart√≥n monarca hacienda bananera ecuador plata hijos puta antipatrias pueden vender culo misma madre,True,False,False,False,True,False,False,True,False,False,False
"RT @PatronaQuinn_: Usted no es feo, es pobre versi√≥n Ecuador. https://t.co/E9usQTJnhj",rt patronaquinn usted feo pobre versi√≥n ecuador httpstcoeusqtjnhj,True,False,False,False,False,False,False,False,False,False,False
"RT @PatronaQuinn_: Usted no es feo, es pobre versi√≥n Ecuador. https://t.co/E9usQTJnhj",rt patronaquinn usted feo pobre versi√≥n ecuador httpstcoeusqtjnhj,True,False,False,False,False,False,False,False,False,False,False
"RT @PatronaQuinn_: Usted no es feo, es pobre versi√≥n Ecuador. https://t.co/E9usQTJnhj",rt patronaquinn usted feo pobre versi√≥n ecuador httpstcoeusqtjnhj,True,False,False,False,False,False,False,False,False,False,False
"RT @AngeloMagnoI: @TitoVilla1982 @CruzAzul La √∫nica conclusi√≥n es que, El profe Juan Reynoso, con mucho menos plantel hizo campe√≥n al cruz‚Ä¶",rt angelomagnoi titovilla cruzazul √∫nica conclusi√≥n profe juan reynoso menos plantel hizo campe√≥n cruz,False,False,False,False,False,False,False,False,False,False,False
"RT @DAlmeidaFl: @peladodelatv @indignadoxd Se los pongo as√≠: MISMO PRODUCTO, en Argentina vs Ecuador (tengo doble nacionalidad).
LO MISMO y‚Ä¶",rt dalmeidafl peladodelatv indignadoxd pongo as√≠ mismo producto argentina vs ecuador doble nacionalidad mismo,False,False,False,False,False,False,False,False,False,False,False
"@peladodelatv @indignadoxd Se los pongo as√≠: MISMO PRODUCTO, en Argentina vs Ecuador (tengo doble nacionalidad).
LO MISMO y no es un ""art√≠culo de lujo"":
-üá¶üá∑: 150 d√≥lares.
-üá™üá®: 25 d√≥lares.
@edufeiok @trebuquero @pabloduggan @JonatanViale 

1 a√±o @JMilei, no 10 d√≠as...esto es el ""milagro econ√≥mico? in√∫til!!! https://t.co/UrlvBp53dC",peladodelatv indignadoxd pongo as√≠ mismo producto argentina vs ecuador doble nacionalidad mismo art√≠culo lujo d√≥lares d√≥lares edufeiok trebuquero pabloduggan jonatanviale a√±o jmilei d√≠asesto milagro econ√≥mico in√∫til httpstcourlvbpdc,True,False,False,False,False,False,False,True,False,False,False
RT @maychona2: @EcuavisaInforma Que se puede esperar de un INVASOR VIOLENTO A LA EMBAJADA DE M√âXICO ATROPELLANDO LA SOBERAN√çA Y SECUESTRAND‚Ä¶,rt maychona ecuavisainforma puede esperar invasor violento embajada m√©xico atropellando soberan√≠a secuestrand,False,False,False,False,False,False,False,False,False,False,False
RT @maychona2: @EcuavisaInforma Que se puede esperar de un INVASOR VIOLENTO A LA EMBAJADA DE M√âXICO ATROPELLANDO LA SOBERAN√çA Y SECUESTRAND‚Ä¶,rt maychona ecuavisainforma puede esperar invasor violento embajada m√©xico atropellando soberan√≠a secuestrand,False,False,False,False,False,False,False,False,False,False,False
@MinGobiernoEc Noboa es el gobierno m√°s imb√©cil de la historia. Dejen de hacer el rid√≠culo internacional jodiendo m√°s las relaciones diplom√°ticas con M√©xico y perjudicando a quienes M√©xico nos ha abierto las puertas para un futuro que el Ecuador no nos dio.,mingobiernoec noboa gobierno imb√©cil historia dejen hacer rid√≠culo internacional jodiendo relaciones diplom√°ticas m√©xico perjudicando m√©xico abierto puertas futuro ecuador dio,True,False,False,False,False,False,False,True,False,False,False
"RT @PatronaQuinn_: Usted no es feo, es pobre versi√≥n Ecuador. https://t.co/E9usQTJnhj",rt patronaquinn usted feo pobre versi√≥n ecuador httpstcoeusqtjnhj,True,False,False,False,False,False,False,False,False,False,False
"@DanielNoboaOk @MashiRafael A ver enano in√∫til @DanielNoboaOk: 
MENTISTE en el debate, eres un improvisado hijo de recontra remil puta y gracias a tu inoperancia seguimos con cortes ANIMAL. 
Yo soy Liberal EN SERIO, pero aqu√≠ se trata de que Ecuador no se vaya al carajo.
@MashiRafael Luisa tiene mi votoüëá",danielnoboaok mashirafael ver enano in√∫til danielnoboaok mentiste debate improvisado hijo recontra remil puta gracias inoperancia seguimos cortes animal liberal serio aqu√≠ trata ecuador vaya carajo mashirafael luisa voto,True,False,True,False,True,False,False,True,False,False,False
@DanielNoboaOk @MashiRafael deja de pelearte con godrrea que con el si teniamos luz maldito miserable estupido todo lista 5 #todito5 vamos @LuisaGonzalezEc cambia al ecuador,danielnoboaok mashirafael deja pelearte godrrea si teniamos luz maldito miserable estupido lista todito vamos luisagonzalezec cambia ecuador,False,False,False,False,False,False,False,False,False,False,False
"RT @PatronaQuinn_: Usted no es feo, es pobre versi√≥n Ecuador. https://t.co/E9usQTJnhj",rt patronaquinn usted feo pobre versi√≥n ecuador httpstcoeusqtjnhj,True,False,False,False,False,False,False,False,False,False,False
"RT @MashiRafael: Otro rid√≠culo para la Fiscal√≠a y la ¬´justicia¬ª ecuatoriana.
Gracias M√©xico, gracias doctor Robles. 
Diana Salazar y su com‚Ä¶",rt mashirafael rid√≠culo fiscal√≠a justicia ecuatoriana gracias m√©xico gracias doctor robles diana salazar com,False,False,False,False,False,False,False,True,False,False,False
"RT @MashiRafael: Otro rid√≠culo para la Fiscal√≠a y la ¬´justicia¬ª ecuatoriana.
Gracias M√©xico, gracias doctor Robles. 
Diana Salazar y su com‚Ä¶",rt mashirafael rid√≠culo fiscal√≠a justicia ecuatoriana gracias m√©xico gracias doctor robles diana salazar com,False,False,False,False,False,False,False,True,False,False,False
RT @maychona2: @EcuavisaInforma Que se puede esperar de un INVASOR VIOLENTO A LA EMBAJADA DE M√âXICO ATROPELLANDO LA SOBERAN√çA Y SECUESTRAND‚Ä¶,rt maychona ecuavisainforma puede esperar invasor violento embajada m√©xico atropellando soberan√≠a secuestrand,False,False,False,False,False,False,False,False,False,False,False
RT @maychona2: @EcuavisaInforma Que se puede esperar de un INVASOR VIOLENTO A LA EMBAJADA DE M√âXICO ATROPELLANDO LA SOBERAN√çA Y SECUESTRAND‚Ä¶,rt maychona ecuavisainforma puede esperar invasor violento embajada m√©xico atropellando soberan√≠a secuestrand,False,False,False,False,False,False,False,False,False,False,False
RT @maychona2: @EcuavisaInforma Que se puede esperar de un INVASOR VIOLENTO A LA EMBAJADA DE M√âXICO ATROPELLANDO LA SOBERAN√çA Y SECUESTRAND‚Ä¶,rt maychona ecuavisainforma puede esperar invasor violento embajada m√©xico atropellando soberan√≠a secuestrand,False,False,False,False,False,False,False,False,False,False,False
"@Expresoec Qu√© pasa en el Teodori Maldonado Carbo?? F√°cil...como presidente del Directorio del @IESSec se encuentra un retrasado mental @eduardopenah designado por otro in√∫til sinverg√ºenza conocido en el Ecuador como el ""Tres palo""..",expresoec pasa teodori maldonado carbo f√°cilcomo presidente directorio iessec encuentra retrasado mental eduardopenah designado in√∫til sinverg√ºenza conocido ecuador tres palo,True,False,False,False,False,False,False,False,False,False,False
"@DanielNoboaOk PORQU√â NO CONSTRUYEN LA C√ÅRCEL EN SAMBOROND√ìN, EN DUR√ÅN, EN GUAYAQUIL O EN MANAB√ç, DE DONDE SON ORIUNDOS LOS DELINCUENTES MAS PELIGROSOS DEL ECUADOR? Los vivos viendo la cara de tontos al pueblo tonto",danielnoboaok porqu√© construyen c√°rcel samborond√≥n dur√°n guayaquil manab√≠ oriundos delincuentes mas peligrosos ecuador vivos viendo cara tontos pueblo tonto,True,False,False,False,False,False,False,False,False,False,False
"RT @PatronaQuinn_: Usted no es feo, es pobre versi√≥n Ecuador. https://t.co/E9usQTJnhj",rt patronaquinn usted feo pobre versi√≥n ecuador httpstcoeusqtjnhj,True,False,False,False,False,False,False,False,False,False,False
"üî¥ #URGENTE | Rafael Correa insulta al presidente Noboa en redes sociales y cuestiona los supuestos logros de su gobierno. üëâ ""Chiquit√≠n, no seas rid√≠culo"", le escribi√≥ en Twitter.

#NoticiasEC #Ecuador #DanielNoboa #noticiasecuador #NoticiasEcuador #LuisaGonzalez #RafaelCorrea https://t.co/FpornafVQb",urgente rafael correa insulta presidente noboa redes sociales cuestiona supuestos logros gobierno chiquit√≠n rid√≠culo escribi√≥ twitter noticiasec ecuador danielnoboa noticiasecuador noticiasecuador luisagonzalez rafaelcorrea httpstcofpornafvqb,False,False,False,False,False,False,False,True,False,False,False
"@MinMedio Este correa si jode viejo de m.....
Que ya dej√© de meterse con el Ecuador, el ya no tiene nada que opinar de ac√°, que vaya arrear a sus borregos, para que le dan o√≠dos a ese est√∫pido, ya ignorenlo.",minmedio correa si jode viejo m dej√© meterse ecuador opinar ac√° vaya arrear borregos dan o√≠dos est√∫pido ignorenlo,True,False,False,False,False,False,False,False,False,False,False
RT @TeneRojas: El Colegio de abogados el #Ecuador piensa mantenerse callado ante tal aberraci√≥n inconstitucional. @AsambleaEcuador debe hac‚Ä¶,rt tenerojas colegio abogados ecuador piensa mantenerse callado tal aberraci√≥n inconstitucional asambleaecuador debe hac,False,False,False,False,False,False,False,False,False,False,False
RT @maychona2: @EcuavisaInforma Que se puede esperar de un INVASOR VIOLENTO A LA EMBAJADA DE M√âXICO ATROPELLANDO LA SOBERAN√çA Y SECUESTRAND‚Ä¶,rt maychona ecuavisainforma puede esperar invasor violento embajada m√©xico atropellando soberan√≠a secuestrand,False,False,False,False,False,False,False,False,False,False,False
El Colegio de abogados el #Ecuador piensa mantenerse callado ante tal aberraci√≥n inconstitucional. @AsambleaEcuador debe hacer algo por hasta cuando el gobierno in√∫til cree q el pa√≠s es su hacienda https://t.co/Q8sgACl2gg,colegio abogados ecuador piensa mantenerse callado tal aberraci√≥n inconstitucional asambleaecuador debe hacer gobierno in√∫til cree q pa√≠s hacienda httpstcoqsgaclgg,True,False,False,False,False,False,False,False,False,False,False
RT @4Gatos8: @ecuainm_oficial Cre√© qu√© todo el mundo es igual de idiota. En su mente seguro pens√≥: Pondr√© antipillos y c√≥mo nadie sabe leer‚Ä¶,rt gatos ecuainmoficial cre√© mundo igual idiota mente seguro pens√≥ pondr√© antipillos c√≥mo nadie sabe leer,True,False,False,False,False,False,False,False,False,False,False
"@Pipo1178 @AsambleaEcuador @SoloCORREISTAS @HastaMismas @proizq @RRueda_Ermel @SinSentidoCPE @TuiterosRcPich @TuiterosxEc5 @BNJGLRC5 @RevolucionUnes @Revolu_Ecuador Solo un SICOPATA  como en la era romana lo hacia CALIGULA , aqui en el siglo XXI  el CALIGULA ecuatoriano noboa azin daniel se burla de la CONSTITUCION y sus leyes.",pipo asambleaecuador solocorreistas hastamismas proizq rruedaermel sinsentidocpe tuiterosrcpich tuiterosxec bnjglrc revolucionunes revoluecuador solo sicopata romana hacia caligula aqui siglo xxi caligula ecuatoriano noboa azin daniel burla constitucion leyes,False,False,False,False,False,False,False,False,True,False,False
"RT @PatronaQuinn_: Usted no es feo, es pobre versi√≥n Ecuador. https://t.co/E9usQTJnhj",rt patronaquinn usted feo pobre versi√≥n ecuador httpstcoeusqtjnhj,True,False,False,False,False,False,False,False,False,False,False
RT @maychona2: @EcuavisaInforma Que se puede esperar de un INVASOR VIOLENTO A LA EMBAJADA DE M√âXICO ATROPELLANDO LA SOBERAN√çA Y SECUESTRAND‚Ä¶,rt maychona ecuavisainforma puede esperar invasor violento embajada m√©xico atropellando soberan√≠a secuestrand,False,False,False,False,False,False,False,False,False,False,False
RT @maychona2: @EcuavisaInforma Que se puede esperar de un INVASOR VIOLENTO A LA EMBAJADA DE M√âXICO ATROPELLANDO LA SOBERAN√çA Y SECUESTRAND‚Ä¶,rt maychona ecuavisainforma puede esperar invasor violento embajada m√©xico atropellando soberan√≠a secuestrand,False,False,False,False,False,False,False,False,False,False,False
"@janethinostroza Haha üòÇ 
@janethinostroza disculpame pero que IDIOTA eres al poner esto en X como si todo estuviesemos pautados por Cal√≠gula, Apoyar la privatization para que se lleven todo y al Ecuador le toque recoger las migajas verdad. 
Por que no exiges mejor inversion para @EPPetroecuador",janethinostroza haha janethinostroza disculpame idiota poner x si estuviesemos pautados cal√≠gula apoyar privatization lleven ecuador toque recoger migajas verdad exiges mejor inversion eppetroecuador,True,False,False,False,False,False,False,False,False,False,False
RT @maychona2: @EcuavisaInforma Que se puede esperar de un INVASOR VIOLENTO A LA EMBAJADA DE M√âXICO ATROPELLANDO LA SOBERAN√çA Y SECUESTRAND‚Ä¶,rt maychona ecuavisainforma puede esperar invasor violento embajada m√©xico atropellando soberan√≠a secuestrand,False,False,False,False,False,False,False,False,False,False,False
RT @walterfreire: @MoniPalaciosZ No te cansas de hacer el rid√≠culo. Todas las estupideces que escribes  son en defensa de una banda de deli‚Ä¶,rt walterfreire monipalaciosz cansas hacer rid√≠culo todas estupideces escribes defensa banda deli,False,False,False,False,False,False,False,True,False,False,False
"@EcuavisaInforma Que se puede esperar de un INVASOR VIOLENTO A LA EMBAJADA DE M√âXICO ATROPELLANDO LA SOBERAN√çA Y SECUESTRANDO A UNA PERSONA CON ASILO POLITICO el idiota de @DanielNoboaOk cree q el ECUADOR en su hacienda y nosotros sus peones, x eso BIEN AHORCADO ESTUVO, la ASAMBLEA DEBE‚Ä¶ https://t.co/Dmus2ChN7Z",ecuavisainforma puede esperar invasor violento embajada m√©xico atropellando soberan√≠a secuestrando persona asilo politico idiota danielnoboaok cree q ecuador hacienda peones x bien ahorcado asamblea debe httpstcodmuschnz,True,False,False,False,False,False,False,False,False,False,False
"RT @PatronaQuinn_: Usted no es feo, es pobre versi√≥n Ecuador. https://t.co/E9usQTJnhj",rt patronaquinn usted feo pobre versi√≥n ecuador httpstcoeusqtjnhj,True,False,False,False,False,False,False,False,False,False,False
RT @monisevi55: @deldiaalanoche_ @DanielNoboaOk RID√çCULO y con total desconocimiento de la CRE. Piensa que es una Bananera el Ecuador,rt monisevi deldiaalanoche danielnoboaok rid√≠culo total desconocimiento cre piensa bananera ecuador,False,False,False,False,False,False,False,True,False,False,False
"RT @PatronaQuinn_: Usted no es feo, es pobre versi√≥n Ecuador. https://t.co/E9usQTJnhj",rt patronaquinn usted feo pobre versi√≥n ecuador httpstcoeusqtjnhj,True,False,False,False,False,False,False,False,False,False,False
RT @monisevi55: @deldiaalanoche_ @DanielNoboaOk RID√çCULO y con total desconocimiento de la CRE. Piensa que es una Bananera el Ecuador,rt monisevi deldiaalanoche danielnoboaok rid√≠culo total desconocimiento cre piensa bananera ecuador,False,False,False,False,False,False,False,True,False,False,False
"@SofiaGarciaPP @Vhgkasparov Parece que no entiendes muchas cosas... Trata de leer para que no hagas el rid√≠culo... En un pa√≠s como Ecuador la gente quiz√°s te sigue, pero trata de leer m√°s para que no nos hagas quedar mal a nivel internacional... M√°s domesticada y te mueres...",sofiagarciapp vhgkasparov parece entiendes muchas cosas trata leer hagas rid√≠culo pa√≠s ecuador gente quiz√°s sigue trata leer hagas quedar mal nivel internacional domesticada mueres,False,False,True,False,False,False,False,True,False,False,False
RT @SinSentidoCPE: Esto es la demostraci√≥n mas palpable del porqu√© no deben gobernar Ecuador la in√∫til y corrupta oligarqu√≠a guayaquile√±a (‚Ä¶,rt sinsentidocpe demostraci√≥n mas palpable porqu√© deben gobernar ecuador in√∫til corrupta oligarqu√≠a guayaquile√±a,True,False,False,False,False,False,False,False,False,False,False
"RT @RexsitoUwu: alguien de vergeles, guayaquil norte? con lugar para grabar o hacer algo...
#gay #pasivo #versatil #culo #CulosPre√±ables #c‚Ä¶",rt rexsitouwu alguien vergeles guayaquil norte lugar grabar hacer gay pasivo versatil culo culospre√±ables c,False,False,False,False,False,False,False,True,False,False,False
RT @SinSentidoCPE: Esto es la demostraci√≥n mas palpable del porqu√© no deben gobernar Ecuador la in√∫til y corrupta oligarqu√≠a guayaquile√±a (‚Ä¶,rt sinsentidocpe demostraci√≥n mas palpable porqu√© deben gobernar ecuador in√∫til corrupta oligarqu√≠a guayaquile√±a,True,False,False,False,False,False,False,False,False,False,False
"@CRcancilleria No recuerdo haber visto comunicado de prensa con el caso de Ecuador, y ese si fue grave.
Si lo hicieron, genial, sino, que feo en la condici√≥n prostituida en que no meten a los costarricenses.",crcancilleria recuerdo haber visto comunicado prensa caso ecuador si grave si hicieron genial sino feo condici√≥n prostituida meten costarricenses,True,False,False,False,False,False,False,False,False,False,False
RT @SinSentidoCPE: Esto es la demostraci√≥n mas palpable del porqu√© no deben gobernar Ecuador la in√∫til y corrupta oligarqu√≠a guayaquile√±a (‚Ä¶,rt sinsentidocpe demostraci√≥n mas palpable porqu√© deben gobernar ecuador in√∫til corrupta oligarqu√≠a guayaquile√±a,True,False,False,False,False,False,False,False,False,False,False
@cubalondra Si defendemos la Libertad de expresi√≥n lo que t√∫ no entiendes Pajarraca la Burla que hicistes  con el Himno de Ecuador anda Burlarte con el Himno de otro Pa√≠s haber que te dicen de Periodista no tienes es nada solo fomentar el Odio,cubalondra si defendemos libertad expresi√≥n entiendes pajarraca burla hicistes himno ecuador anda burlarte himno pa√≠s haber dicen periodista solo fomentar odio,False,False,False,False,False,False,False,False,True,False,False
"RT @PatronaQuinn_: Usted no es feo, es pobre versi√≥n Ecuador. https://t.co/E9usQTJnhj",rt patronaquinn usted feo pobre versi√≥n ecuador httpstcoeusqtjnhj,True,False,False,False,False,False,False,False,False,False,False
RT @SinSentidoCPE: Esto es la demostraci√≥n mas palpable del porqu√© no deben gobernar Ecuador la in√∫til y corrupta oligarqu√≠a guayaquile√±a (‚Ä¶,rt sinsentidocpe demostraci√≥n mas palpable porqu√© deben gobernar ecuador in√∫til corrupta oligarqu√≠a guayaquile√±a,True,False,False,False,False,False,False,False,False,False,False
"RT @MashiRafael: Otro rid√≠culo para la Fiscal√≠a y la ¬´justicia¬ª ecuatoriana.
Gracias M√©xico, gracias doctor Robles. 
Diana Salazar y su com‚Ä¶",rt mashirafael rid√≠culo fiscal√≠a justicia ecuatoriana gracias m√©xico gracias doctor robles diana salazar com,False,False,False,False,False,False,False,True,False,False,False
@MashiRafael Rid√≠culo @MashiRafael ya ret√≠rese para siempre.. Ecuador nunca m√°s RC,mashirafael rid√≠culo mashirafael ret√≠rese siempre ecuador nunca rc,False,False,False,False,False,False,False,True,False,False,False
RT @SinSentidoCPE: Esto es la demostraci√≥n mas palpable del porqu√© no deben gobernar Ecuador la in√∫til y corrupta oligarqu√≠a guayaquile√±a (‚Ä¶,rt sinsentidocpe demostraci√≥n mas palpable porqu√© deben gobernar ecuador in√∫til corrupta oligarqu√≠a guayaquile√±a,True,False,False,False,False,False,False,False,False,False,False
"RT @PatronaQuinn_: Usted no es feo, es pobre versi√≥n Ecuador. https://t.co/E9usQTJnhj",rt patronaquinn usted feo pobre versi√≥n ecuador httpstcoeusqtjnhj,True,False,False,False,False,False,False,False,False,False,False
RT @SinSentidoCPE: Esto es la demostraci√≥n mas palpable del porqu√© no deben gobernar Ecuador la in√∫til y corrupta oligarqu√≠a guayaquile√±a (‚Ä¶,rt sinsentidocpe demostraci√≥n mas palpable porqu√© deben gobernar ecuador in√∫til corrupta oligarqu√≠a guayaquile√±a,True,False,False,False,False,False,False,False,False,False,False
"RT @PatronaQuinn_: Usted no es feo, es pobre versi√≥n Ecuador. https://t.co/E9usQTJnhj",rt patronaquinn usted feo pobre versi√≥n ecuador httpstcoeusqtjnhj,True,False,False,False,False,False,False,False,False,False,False
RT @walterfreire: @MoniPalaciosZ No te cansas de hacer el rid√≠culo. Todas las estupideces que escribes  son en defensa de una banda de deli‚Ä¶,rt walterfreire monipalaciosz cansas hacer rid√≠culo todas estupideces escribes defensa banda deli,False,False,False,False,False,False,False,True,False,False,False
RT @SinSentidoCPE: Esto es la demostraci√≥n mas palpable del porqu√© no deben gobernar Ecuador la in√∫til y corrupta oligarqu√≠a guayaquile√±a (‚Ä¶,rt sinsentidocpe demostraci√≥n mas palpable porqu√© deben gobernar ecuador in√∫til corrupta oligarqu√≠a guayaquile√±a,True,False,False,False,False,False,False,False,False,False,False
RT @SinSentidoCPE: Esto es la demostraci√≥n mas palpable del porqu√© no deben gobernar Ecuador la in√∫til y corrupta oligarqu√≠a guayaquile√±a (‚Ä¶,rt sinsentidocpe demostraci√≥n mas palpable porqu√© deben gobernar ecuador in√∫til corrupta oligarqu√≠a guayaquile√±a,True,False,False,False,False,False,False,False,False,False,False
RT @SinSentidoCPE: Esto es la demostraci√≥n mas palpable del porqu√© no deben gobernar Ecuador la in√∫til y corrupta oligarqu√≠a guayaquile√±a (‚Ä¶,rt sinsentidocpe demostraci√≥n mas palpable porqu√© deben gobernar ecuador in√∫til corrupta oligarqu√≠a guayaquile√±a,True,False,False,False,False,False,False,False,False,False,False
RT @4Gatos8: @ecuainm_oficial Cre√© qu√© todo el mundo es igual de idiota. En su mente seguro pens√≥: Pondr√© antipillos y c√≥mo nadie sabe leer‚Ä¶,rt gatos ecuainmoficial cre√© mundo igual idiota mente seguro pens√≥ pondr√© antipillos c√≥mo nadie sabe leer,True,False,False,False,False,False,False,False,False,False,False
"@CarlosVicente21 @MashiRafael Noboa no tiene motivos para acomplejarse. Es exitoso, adinerado, guapo, con familia. No s√© puede decir lo mismo del grandul√≤n est√∫pido y corrupto que  insulta  a diario a medio Ecuador.",carlosvicente mashirafael noboa motivos acomplejarse exitoso adinerado guapo familia s√© puede decir mismo granduln est√∫pido corrupto insulta diario medio ecuador,True,False,False,False,False,False,False,False,False,False,False
"@EcuavisaInforma Y para que?. √öNICAMENTE SEGUIRLE ENDEUDANDO AL ECUADOR, Y este IN√öTIL GOBIERNO despilfarrando infamemente SIN HABER HECHO UNA SOLA OBRA DESTACABLE, solo sirve para levantar esa alicaida im√°gen y los viajes tur√≠sticos, con fines espurios e inoficiosos de BOBOA.",ecuavisainforma √∫nicamente seguirle endeudando ecuador in√∫til gobierno despilfarrando infamemente haber hecho sola obra destacable solo sirve levantar alicaida im√°gen viajes tur√≠sticos fines espurios inoficiosos boboa,True,False,False,False,False,False,False,False,False,False,False
"@ecuainm_oficial Cre√© qu√© todo el mundo es igual de idiota. En su mente seguro pens√≥: Pondr√© antipillos y c√≥mo nadie sabe leer, seguro lo aprueban s√≥lo por el t√≠tulo. M√°s bien qu√© el s√© lea LAS TONELADAS DE COCA√çNA EN BANANO QUE SALEN MENSUALMENTE DEL ECUADOR. Pero c√≥mo son sus empresas. https://t.co/bzKS8eapiC",ecuainmoficial cre√© mundo igual idiota mente seguro pens√≥ pondr√© antipillos c√≥mo nadie sabe leer seguro aprueban s√≥lo t√≠tulo bien s√© lea toneladas coca√≠na banano salen mensualmente ecuador c√≥mo empresas httpstcobzkseapic,True,False,False,False,False,False,False,False,False,False,False
"@OmarBalle1975 @ElDatoEcua Donde est√° el ahorro si @MashiRafael dejo al Ecuador con una deuda de 40kmillones de d√≥lares y ahora debemos 87kmillones con 0 obras con 0 mantenimiento a obras. 
Ves te das cuenta que eres un mediocre tonto que no sabe nada.  Lee lee para que no te revuelquen como yo ahora mismo https://t.co/w4O0inwlDW",omarballe eldatoecua ahorro si mashirafael dejo ecuador deuda kmillones d√≥lares ahora debemos kmillones obras mantenimiento obras ves das cuenta mediocre tonto sabe lee lee revuelquen ahora mismo httpstcowoinwldw,True,False,False,False,False,False,False,False,False,False,False
@deldiaalanoche_ @DanielNoboaOk RID√çCULO y con total desconocimiento de la CRE. Piensa que es una Bananera el Ecuador,deldiaalanoche danielnoboaok rid√≠culo total desconocimiento cre piensa bananera ecuador,False,False,False,False,False,False,False,True,False,False,False
RT @walterfreire: @MoniPalaciosZ No te cansas de hacer el rid√≠culo. Todas las estupideces que escribes  son en defensa de una banda de deli‚Ä¶,rt walterfreire monipalaciosz cansas hacer rid√≠culo todas estupideces escribes defensa banda deli,False,False,False,False,False,False,False,True,False,False,False
"RT @LaPendola_Bsc: @MashiRafael Sobate maldita rata rechuchas de tu madre jajajajjajaj te sonaron y bien feo ü§£ü§£ü§£ü§£ü§£ü§£

Anda anda lee como te‚Ä¶",rt lapendolabsc mashirafael sobate maldita rata rechuchas madre jajajajjajaj sonaron bien feo anda anda lee,True,False,True,False,False,False,False,True,False,False,False
RT @walterfreire: @MoniPalaciosZ No te cansas de hacer el rid√≠culo. Todas las estupideces que escribes  son en defensa de una banda de deli‚Ä¶,rt walterfreire monipalaciosz cansas hacer rid√≠culo todas estupideces escribes defensa banda deli,False,False,False,False,False,False,False,True,False,False,False
"@MashiRafael El √∫nico rid√≠culo es otro, que recurre al insulto para responder algo que alguien m√°s inteligente pudo haber intentado desmentir, claro c√≥mo no tiene nada que desmentir, vas a caer miserable el Ecuador entero te quiere tras las rejas‚Ä¶",mashirafael √∫nico rid√≠culo recurre insulto responder alguien inteligente pudo haber intentado desmentir claro c√≥mo desmentir vas caer miserable ecuador entero quiere tras rejas,False,False,False,False,False,False,False,True,False,False,False
@RvssRvssian @eltuti90590981 @maps_black Gordo le mostras la bandera de Colombia a un extranjero y te confunden con Ecuador o Venezuela,rvssrvssian eltuti mapsblack gordo mostras bandera colombia extranjero confunden ecuador venezuela,True,False,False,False,False,False,False,False,False,False,False
"@EcuavisaInforma Ajajaja a seguir huyendo de este mugrero llamado Ecuador para pagar la deuda externa.

Pero a√∫n as√≠ hay idiota que dicen... Noboa 2025 si nivel de ESTUPIDEZ es al mil",ecuavisainforma ajajaja seguir huyendo mugrero llamado ecuador pagar deuda externa a√∫n as√≠ idiota dicen noboa si nivel estupidez mil,True,False,False,False,False,False,False,False,False,False,False
"@Alejandrito661 @pabelml @MunicipioQuito @TCE_Ecuador @DanielNoboaOk Akajajaja aqu√≠ van sus impuestos, a pagos de gente idiota que lo √∫nico que le interesa es sumar a su cuenta bancaria, menos mal se larga el MAMARRACHO de @DanielNoboaOk 

Te vas IDIOTA, te largas!",alejandrito pabelml municipioquito tceecuador danielnoboaok akajajaja aqu√≠ van impuestos pagos gente idiota √∫nico interesa sumar cuenta bancaria menos mal larga mamarracho danielnoboaok vas idiota largas,True,False,False,False,False,False,False,True,False,False,False
@LOTHBROK777 soy de Ecuador y aqui detestamos al inutil corrupto mitomano evasor de impuestos daniel noboa azin,lothbrok ecuador aqui detestamos inutil corrupto mitomano evasor impuestos daniel noboa azin,False,False,False,False,False,False,False,False,False,False,False
"RT @PatronaQuinn_: Usted no es feo, es pobre versi√≥n Ecuador. https://t.co/E9usQTJnhj",rt patronaquinn usted feo pobre versi√≥n ecuador httpstcoeusqtjnhj,True,False,False,False,False,False,False,False,False,False,False
"@OmarBalle1975 @ElDatoEcua Tonto subnormal, ellos quieren amazar m√°s dinero lavando dinero . Porque crees que los bancos tienen mas utilidades si Ecuador lleva casi 8 a√±os sin inversi√≥n ni extranjera ni nacional. Estrena üß† gil y lee https://t.co/yeftvvis08",omarballe eldatoecua tonto subnormal quieren amazar dinero lavando dinero crees bancos mas utilidades si ecuador lleva casi a√±os inversi√≥n extranjera nacional estrena gil lee httpstcoyeftvvis,True,False,False,False,False,False,False,False,False,False,False
"@ElPortalEcu @LuisaGonzalezEc, la candidata de los pr√≥fugos, representa un modelo fracasado de liderazgo en #ECUADOR, lleno de corruptos y manipuladores que han traicionado la confianza del pueblo.",elportalecu luisagonzalezec candidata pr√≥fugos representa modelo fracasado liderazgo ecuador lleno corruptos manipuladores traicionado confianza pueblo,True,False,False,False,False,False,False,False,False,False,False
@MashiRafael Rid√≠culo por decir las verdades @MashiRafael  ???hay millones de rid√≠culos en el ecuador entonces ü•±,mashirafael rid√≠culo decir verdades mashirafael millones rid√≠culos ecuador entonces,False,False,False,False,False,False,False,True,False,False,False
"RT @LaPendola_Bsc: @MashiRafael Sobate maldita rata rechuchas de tu madre jajajajjajaj te sonaron y bien feo ü§£ü§£ü§£ü§£ü§£ü§£

Anda anda lee como te‚Ä¶",rt lapendolabsc mashirafael sobate maldita rata rechuchas madre jajajajjajaj sonaron bien feo anda anda lee,True,False,True,False,False,False,False,True,False,False,False
RT @juanca_saenz: @radiocentroec @DanielNoboaOk Y este ni√±ato porfiado es el presidente del Ecuador! Que verg√ºenza. @DanielNoboaOk es un ri‚Ä¶,rt juancasaenz radiocentroec danielnoboaok ni√±ato porfiado presidente ecuador verg√ºenza danielnoboaok ri,False,False,False,False,False,False,False,False,False,False,False
RT @fmcifuentesc: @DanielNoboaOk @MashiRafael El chiquit√≠n fomentando el odio por la ca√≠da en las encuentas despu√©s de la burla adsoluta de‚Ä¶,rt fmcifuentesc danielnoboaok mashirafael chiquit√≠n fomentando odio ca√≠da encuentas despu√©s burla adsoluta,False,False,False,False,False,False,False,False,True,False,False
@ramirovelaj El pueblo pide trabajo y la asamblea no hace nada la burla de unos pocos en el poder el pueblo pide explicaciones pero todo es culpa de un solo pol√≠tico eso se llama ecuador,ramirovelaj pueblo pide trabajo asamblea hace burla pocos poder pueblo pide explicaciones culpa solo pol√≠tico llama ecuador,False,False,False,False,False,False,False,False,True,False,False
"RT @PatronaQuinn_: Usted no es feo, es pobre versi√≥n Ecuador. https://t.co/E9usQTJnhj",rt patronaquinn usted feo pobre versi√≥n ecuador httpstcoeusqtjnhj,True,False,False,False,False,False,False,False,False,False,False
"@Alejandrito661 @pabelml @MunicipioQuito @TCE_Ecuador @DanielNoboaOk Te llamas cartel calavera, jajajaj pedazo de barco idiota! Quito no s√© a hueva! Mejor que pierda noboa porque si no le sacamos como a abdala, a lucio y al resto de imbeciles que te pagan la pauta troll pat√©tico!",alejandrito pabelml municipioquito tceecuador danielnoboaok llamas cartel calavera jajajaj pedazo barco idiota quito s√© hueva mejor pierda noboa si sacamos abdala lucio resto imbeciles pagan pauta troll pat√©tico,True,False,False,True,False,False,False,False,False,True,False
RT @juanca_saenz: @radiocentroec @DanielNoboaOk Y este ni√±ato porfiado es el presidente del Ecuador! Que verg√ºenza. @DanielNoboaOk es un ri‚Ä¶,rt juancasaenz radiocentroec danielnoboaok ni√±ato porfiado presidente ecuador verg√ºenza danielnoboaok ri,False,False,False,False,False,False,False,False,False,False,False
"@TitoVilla1982 @CruzAzul La √∫nica conclusi√≥n es que, El profe Juan Reynoso, con mucho menos plantel hizo campe√≥n al cruz azul, y este g√ºey de Anselmi cero y van 2 fracasos, le cumplieron todos sus caprichos, y nada!...si es un pinche fracasado, aqu√≠ y en ecuador..y punto!",titovilla cruzazul √∫nica conclusi√≥n profe juan reynoso menos plantel hizo campe√≥n cruz azul g√ºey anselmi cero van fracasos cumplieron caprichos nadasi pinche fracasado aqu√≠ ecuadory punto,True,False,False,True,False,False,False,True,False,False,False
"RT @PatronaQuinn_: Usted no es feo, es pobre versi√≥n Ecuador. https://t.co/E9usQTJnhj",rt patronaquinn usted feo pobre versi√≥n ecuador httpstcoeusqtjnhj,True,False,False,False,False,False,False,False,False,False,False
RT @walterfreire: @MoniPalaciosZ No te cansas de hacer el rid√≠culo. Todas las estupideces que escribes  son en defensa de una banda de deli‚Ä¶,rt walterfreire monipalaciosz cansas hacer rid√≠culo todas estupideces escribes defensa banda deli,False,False,False,False,False,False,False,True,False,False,False
RT @walterfreire: @MoniPalaciosZ No te cansas de hacer el rid√≠culo. Todas las estupideces que escribes  son en defensa de una banda de deli‚Ä¶,rt walterfreire monipalaciosz cansas hacer rid√≠culo todas estupideces escribes defensa banda deli,False,False,False,False,False,False,False,True,False,False,False
@LibreMENTE79 Que usted no les conozca no quiere decir que nadie los conosca ya viene fin de a√±o y vamos a ver a todo el Ecuador quemando al in√∫til de Noboa pregunta tambi√©n van a llorar .??,libremente usted conozca quiere decir nadie conosca viene fin a√±o vamos ver ecuador quemando in√∫til noboa pregunta van llorar,True,False,False,False,False,False,False,False,False,False,False
"@Azul2Rc El nuevo Ecuador falta de empleo,  inversi√≥n,  producci√≥n,  despidos,  una pesadilla,  hay florindos que defienden su "" trabajo  "" in√∫til.",azulrc nuevo ecuador falta empleo inversi√≥n producci√≥n despidos pesadilla florindos defienden trabajo in√∫til,True,False,False,False,False,False,False,False,False,False,False
RT @Manuela89603205: @Ramnier As√≠ paga el diablo a sus devotos @MashiRafael huy√≥ y dej√≥ a su tonto m√°s √∫til en la c√°rcel  @JorgeGlas y dand‚Ä¶,rt manuela ramnier as√≠ paga diablo devotos mashirafael huy√≥ dej√≥ tonto √∫til c√°rcel jorgeglas dand,True,False,False,False,False,False,False,False,False,False,False
"üá™üá®  El presidente de Ecuador, Daniel Noboa, y el exmandatario de ese pa√≠s, Rafael Correa, se sacaron chispas, tras un fuerte cruce por los logros econ√≥micos del Gobierno. ""Chiquit√≠n: No seas RID√çCULO"", espet√≥ Correa.

üì≤ Lee m√°s en https://t.co/gdskvY8dJT üëàüèΩ

#Ecuador #Correa",presidente ecuador daniel noboa exmandatario pa√≠s rafael correa sacaron chispas tras fuerte cruce logros econ√≥micos gobierno chiquit√≠n rid√≠culo espet√≥ correa lee httpstcogdskvydjt ecuador correa,False,False,False,False,False,False,False,True,False,False,False
"@EcuadorTV Un pobre estupido gobernando estupidos  qu√© votaron por el .
Pobre ecuador de ser un pa√≠s seguro con rafael corerea a ser una republica bananera literalmente.",ecuadortv pobre estupido gobernando estupidos votaron pobre ecuador ser pa√≠s seguro rafael corerea ser republica bananera literalmente,False,False,False,False,False,False,False,False,False,False,False
"RT @PatronaQuinn_: Usted no es feo, es pobre versi√≥n Ecuador. https://t.co/E9usQTJnhj",rt patronaquinn usted feo pobre versi√≥n ecuador httpstcoeusqtjnhj,True,False,False,False,False,False,False,False,False,False,False
RT @DioneReborn: Iba a burlarme de esto hasta que recuerdo que hace poco hicimos un rid√≠culo a√∫n m√°s grande üòÇüôà. üé∂ ECUADOR SIEMPRE PRIMERO üé∂‚Ä¶,rt dionereborn iba burlarme recuerdo hace hicimos rid√≠culo a√∫n grande ecuador siempre primero,False,False,False,False,False,False,False,True,True,False,False
